date,title,co-presenters,venue
02/2026,Research on Deaf Community Preferences for Expressive Captions,Matt Huenerfauth,"Expressive Captioning Summit, Academy of Motion Picture Arts and Sciences’ Science and Technology Council"
09/2025,"Adding Nuance: Emotion-Aware, Flexible Captions for Speech Access",,"State of the Science Conference, Gallaudet University"
02/2025,"Improving Access, Satisfaction, and Engagement with Video through Affective Captions",,"Department of Computer Science, William & Mary"
10/2024,Experimental Research Design,,"HCIN-600 Research Methods Course, Rochester Institute of Technology"
09/2024,Captions beyond words: Paralinguistic accessibility for Deaf and Hard-of-Hearing individuals,,"“Artificial Intelligence for Multimodal Signal Processing” Lab, University of Campinas, School of Electrical and Computer Engineering"
03/2024,Captions beyond words: Paralinguistic accessibility for Deaf and Hard-of-Hearing individuals,,"Department of Access Services, Rochester Institute of Technology"
11/2023,Enhancing Affective Captions with Haptic Feedback,,"Haptics for Inclusion Symposium, University of Borås"
10/2023,Captions beyond words: Paralinguistic accessibility for d/Deaf and Hard-of-Hearing individuals,,"Communication Sciences and Disorders Department, University of Houston"
03/2023,Visualization of Speech Prosody and Emotion in Captions: Accessibility for Deaf and Hard-of-Hearing Users,,"ISTE-266 Design for Accessibility Course, Rochester Institute of Technology"
10/2022,Introduction to Experimental Design,,"HCIN-600 Research Methods Course, Rochester Institute of Technology"
09/2022,"Identifying Emotions, Moods, and Emphasis through Captions",,Readability Consortium Monthly Meeting
06/2013,Design Issues in Web Application and Website Projects,Lucas V. Reis,"Semana de Atualização em Informática, UTFPR (Ponta Grossa), Brazil"